{"UUID":"bWVOy8FAltoRcQRuMJUHqm","layoutMainAxisSizing":null,"layoutCrossAxisSizing":null,"name":"parabeac","isVisible":true,"boundaryRectangle":null,"style":null,"prototypeNodeUUID":null,"child":null,"constraints":null,"debug":false,"pngPath":"/usr/src/app/temp-out/pb-tmp-15edf15b-1258-4ed3-b740-36d17774d1e0/explorador/lib/assets/images","designSystem":{"UUID":"","layoutMainAxisSizing":null,"layoutCrossAxisSizing":null,"name":"material3","isVisible":false,"boundaryRectangle":null,"pbdlType":null,"style":null,"prototypeNodeUUID":"","child":null,"constraints":null,"textStyles":["bodyLarge","bodyMedium","bodySmall","displayLarge","displayMedium","displaySmall","headlineLarge","headlineMedium","headlineSmall","labelLarge","labelMedium","labelSmall","titleLarge","titleMedium","titleSmall"],"colorSchemes":[{"UUID":"","layoutMainAxisSizing":null,"layoutCrossAxisSizing":null,"name":"light","isVisible":false,"boundaryRectangle":null,"pbdlType":null,"style":null,"prototypeNodeUUID":"","child":null,"constraints":null,"supportedAttributes":["primary","onPrimary","primaryContainer","onPrimaryContainer","secondary","onSecondary","secondaryContainer","onSecondaryContainer","tertiary","onTertiary","tertiaryContainer","onTertiaryContainer","error","onError","errorContainer","onErrorContainer","background","onBackground","surface","onSurface","surfaceVariant","onSurfaceVariant","outline","shadow","inverseSurface","onInverseSurface","inversePrimary","surfaceTint"]},{"UUID":"","layoutMainAxisSizing":null,"layoutCrossAxisSizing":null,"name":"dark","isVisible":false,"boundaryRectangle":null,"pbdlType":null,"style":null,"prototypeNodeUUID":"","child":null,"constraints":null,"supportedAttributes":["primary","onPrimary","primaryContainer","onPrimaryContainer","secondary","onSecondary","secondaryContainer","onSecondaryContainer","tertiary","onTertiary","tertiaryContainer","onTertiaryContainer","error","onError","errorContainer","onErrorContainer","background","onBackground","surface","onSurface","surfaceVariant","onSurfaceVariant","outline","shadow","inverseSurface","onInverseSurface","inversePrimary","surfaceTint"]}]},"pages":[{"UUID":"0:1","layoutMainAxisSizing":null,"layoutCrossAxisSizing":null,"name":"Page 1","isVisible":true,"boundaryRectangle":null,"style":null,"prototypeNodeUUID":null,"child":null,"constraints":null,"convert":true,"screens":[],"pbdlType":"page"}],"miscPages":[],"sharedStyles":[],"globalStyles":{"UUID":"","layoutMainAxisSizing":null,"layoutCrossAxisSizing":null,"name":"","isVisible":false,"boundaryRectangle":null,"style":null,"prototypeNodeUUID":null,"child":null,"constraints":null,"pbdlType":"global_styles","designSystem":"material3","colors":[{"UUID":"1:952","layoutMainAxisSizing":null,"layoutCrossAxisSizing":null,"name":"Primary/300","isVisible":false,"boundaryRectangle":null,"style":null,"prototypeNodeUUID":null,"child":null,"constraints":null,"description":"","pbdlType":"global_color","color":{"a":1.0,"r":0.5215686559677124,"g":0.6196078658103943,"b":0.9803921580314636}},{"UUID":"1:5","layoutMainAxisSizing":null,"layoutCrossAxisSizing":null,"name":"Greyscale / 900","isVisible":false,"boundaryRectangle":null,"style":null,"prototypeNodeUUID":null,"child":null,"constraints":null,"description":"","pbdlType":"global_color","color":{"a":1.0,"r":0.12941177189350128,"g":0.12941177189350128,"b":0.12941177189350128}},{"UUID":"1:386","layoutMainAxisSizing":null,"layoutCrossAxisSizing":null,"name":"Greyscale / 300","isVisible":false,"boundaryRectangle":null,"style":null,"prototypeNodeUUID":null,"child":null,"constraints":null,"description":"","pbdlType":"global_color","color":{"a":1.0,"r":0.8784313797950745,"g":0.8784313797950745,"b":0.8784313797950745}},{"UUID":"1:3","layoutMainAxisSizing":null,"layoutCrossAxisSizing":null,"name":"Others / White","isVisible":false,"boundaryRectangle":null,"style":null,"prototypeNodeUUID":null,"child":null,"constraints":null,"description":"","pbdlType":"global_color","color":{"a":1.0,"r":1.0,"g":1.0,"b":1.0}},{"UUID":"1:2","layoutMainAxisSizing":null,"layoutCrossAxisSizing":null,"name":"Primary/500","isVisible":false,"boundaryRectangle":null,"style":null,"prototypeNodeUUID":null,"child":null,"constraints":null,"description":"","pbdlType":"global_color","color":{"a":1.0,"r":0.20000000298023224,"g":0.3686274588108063,"b":0.9686274528503418}},{"UUID":"1:274","layoutMainAxisSizing":null,"layoutCrossAxisSizing":null,"name":"Others / Black","isVisible":false,"boundaryRectangle":null,"style":null,"prototypeNodeUUID":null,"child":null,"constraints":null,"description":"","pbdlType":"global_color","color":{"a":1.0,"r":0.0,"g":0.0,"b":0.0}}],"textStyles":[{"UUID":"1:953","layoutMainAxisSizing":null,"layoutCrossAxisSizing":null,"name":"H2/bold","isVisible":false,"boundaryRectangle":null,"style":null,"prototypeNodeUUID":null,"child":null,"constraints":null,"description":"Previous style:\nH2/bold","pbdlType":"global_text_style","textStyle":{"UUID":"","layoutMainAxisSizing":null,"layoutCrossAxisSizing":null,"name":"","isVisible":false,"boundaryRectangle":null,"style":null,"prototypeNodeUUID":"","child":null,"constraints":null,"fontFamily":"Urbanist","fontPostScriptName":"UrbanistRoman-Bold","paragraphSpacing":0,"paragraphIndent":0,"listSpacing":0,"italics":null,"fontWeight":700,"fontSize":40.0,"textCase":"ORIGINAL","textDecoration":"NONE","textAutoResize":"WIDTH_AND_HEIGHT","textAlignHorizontal":"LEFT","textAlignVertical":"TOP","letterSpacing":0.0,"fills":null,"hyperLink":null,"opentypeFlags":{},"lineHeightPx":48.0,"lineHeightPercent":102.40000915527344,"lineHeightPercentFontSize":120.00000762939453,"lineHeightUnit":"FONT_SIZE_%","pbdlType":"text_style"}},{"UUID":"1:387","layoutMainAxisSizing":null,"layoutCrossAxisSizing":null,"name":"body / large / bold","isVisible":false,"boundaryRectangle":null,"style":null,"prototypeNodeUUID":null,"child":null,"constraints":null,"description":"Previous style:\nbody/large/bold","pbdlType":"global_text_style","textStyle":{"UUID":"","layoutMainAxisSizing":null,"layoutCrossAxisSizing":null,"name":"","isVisible":false,"boundaryRectangle":null,"style":null,"prototypeNodeUUID":"","child":null,"constraints":null,"fontFamily":"Urbanist","fontPostScriptName":"UrbanistRoman-Bold","paragraphSpacing":0,"paragraphIndent":0,"listSpacing":0,"italics":null,"fontWeight":700,"fontSize":16.0,"textCase":"ORIGINAL","textDecoration":"NONE","textAutoResize":"WIDTH_AND_HEIGHT","textAlignHorizontal":"LEFT","textAlignVertical":"TOP","letterSpacing":0.20000000298023224,"fills":null,"hyperLink":null,"opentypeFlags":{},"lineHeightPx":22.399999618530273,"lineHeightPercent":119.46666717529297,"lineHeightPercentFontSize":140.0,"lineHeightUnit":"FONT_SIZE_%","pbdlType":"text_style"}},{"UUID":"1:84","layoutMainAxisSizing":null,"layoutCrossAxisSizing":null,"name":"body / large / semibold","isVisible":false,"boundaryRectangle":null,"style":null,"prototypeNodeUUID":null,"child":null,"constraints":null,"description":"Previous style:\nbody/large/semibold","pbdlType":"global_text_style","textStyle":{"UUID":"","layoutMainAxisSizing":null,"layoutCrossAxisSizing":null,"name":"","isVisible":false,"boundaryRectangle":null,"style":null,"prototypeNodeUUID":"","child":null,"constraints":null,"fontFamily":"Urbanist","fontPostScriptName":"Urbanist-SemiBold","paragraphSpacing":0,"paragraphIndent":0,"listSpacing":0,"italics":null,"fontWeight":600,"fontSize":16.0,"textCase":"ORIGINAL","textDecoration":"NONE","textAutoResize":"WIDTH_AND_HEIGHT","textAlignHorizontal":"LEFT","textAlignVertical":"TOP","letterSpacing":0.20000000298023224,"fills":null,"hyperLink":null,"opentypeFlags":{},"lineHeightPx":22.399999618530273,"lineHeightPercent":119.46666717529297,"lineHeightPercentFontSize":140.0,"lineHeightUnit":"FONT_SIZE_%","pbdlType":"text_style"}}],"themeColors":[],"themeTextStyles":[]},"pbdlType":"project"}